{
  "Alam Barajo":{
    "eng_need_total":12058.404470394,
    "alloc_total":5020.9306239221,
    "avg_alignment":94.5454545455,
    "gap":-0.0606060606,
    "need_pct":9.0053194231,
    "alloc_pct":5.3187097349,
    "gap_pct":-3.6866096882
  },
  "Danau Sipin":{
    "eng_need_total":3091.5894160702,
    "alloc_total":955.5398677261,
    "avg_alignment":95.4411764706,
    "gap":0.0147058824,
    "need_pct":2.3088253745,
    "alloc_pct":1.0122105994,
    "gap_pct":-1.296614775
  },
  "Danau Teluk":{
    "eng_need_total":10016.3884532784,
    "alloc_total":8346.9861311173,
    "avg_alignment":75.0,
    "gap":0.5,
    "need_pct":7.4803244251,
    "alloc_pct":8.8420254566,
    "gap_pct":1.3617010315
  },
  "Jambi Selatan":{
    "eng_need_total":22866.7114330704,
    "alloc_total":21399.3550851091,
    "avg_alignment":91.5458937198,
    "gap":-0.0531400966,
    "need_pct":17.0770553531,
    "alloc_pct":22.668498479,
    "gap_pct":5.591443126
  },
  "Jambi Timur":{
    "eng_need_total":8487.8296421876,
    "alloc_total":3526.9764059099,
    "avg_alignment":90.4761904762,
    "gap":0.1904761905,
    "need_pct":6.3387836529,
    "alloc_pct":3.7361527474,
    "gap_pct":-2.6026309055
  },
  "Jelutung":{
    "eng_need_total":12506.3707946466,
    "alloc_total":9851.4478525945,
    "avg_alignment":92.4277456647,
    "gap":0.0462427746,
    "need_pct":9.3398644991,
    "alloc_pct":10.4357131219,
    "gap_pct":1.0958486228
  },
  "Kota Baru":{
    "eng_need_total":17639.0559452179,
    "alloc_total":2617.4238837769,
    "avg_alignment":95.5555555556,
    "gap":0.037037037,
    "need_pct":13.1729975967,
    "alloc_pct":2.7726568905,
    "gap_pct":-10.4003407062
  },
  "Paal Merah":{
    "eng_need_total":24272.8718058918,
    "alloc_total":25906.4811905206,
    "avg_alignment":86.0,
    "gap":0.1,
    "need_pct":18.1271879264,
    "alloc_pct":27.4429312065,
    "gap_pct":9.3157432801
  },
  "Pasar Jambi":{
    "eng_need_total":8584.3627826044,
    "alloc_total":8954.1197202756,
    "avg_alignment":92.9518072289,
    "gap":-0.0662650602,
    "need_pct":6.4108754264,
    "alloc_pct":9.4851666535,
    "gap_pct":3.0742912271
  },
  "Telanaipura":{
    "eng_need_total":14379.5441059669,
    "alloc_total":7822.0296682561,
    "avg_alignment":94.1489361702,
    "gap":0.0319148936,
    "need_pct":10.7387663227,
    "alloc_pct":8.2859351103,
    "gap_pct":-2.4528312124
  }
}